{
  "version": "29.0.0",
  "files": {
    "18dbf00ec8117773a8888a9b933089d07459b6873f73e7a9bd4b7cbb37e57f49": {
      "source": {
        "path": "asset.18dbf00ec8117773a8888a9b933089d07459b6873f73e7a9bd4b7cbb37e57f49",
        "packaging": "zip"
      },
      "destinations": {
        "current_account-current_region": {
          "bucketName": "cdk-hnb659fds-assets-${AWS::AccountId}-${AWS::Region}",
          "objectKey": "18dbf00ec8117773a8888a9b933089d07459b6873f73e7a9bd4b7cbb37e57f49.zip",
          "assumeRoleArn": "arn:${AWS::Partition}:iam::${AWS::AccountId}:role/cdk-hnb659fds-file-publishing-role-${AWS::AccountId}-${AWS::Region}"
        }
      }
    },
    "dd039028055ed2d89dfacecd02ef251dfc0d6848f71c524c18c4e398c580582c": {
      "source": {
        "path": "ProductServiceStack.template.json",
        "packaging": "file"
      },
      "destinations": {
        "current_account-current_region": {
          "bucketName": "cdk-hnb659fds-assets-${AWS::AccountId}-${AWS::Region}",
          "objectKey": "dd039028055ed2d89dfacecd02ef251dfc0d6848f71c524c18c4e398c580582c.json",
          "assumeRoleArn": "arn:${AWS::Partition}:iam::${AWS::AccountId}:role/cdk-hnb659fds-file-publishing-role-${AWS::AccountId}-${AWS::Region}"
        }
      }
    }
  },
  "dockerImages": {}
}